[{
  "_id": {
    "$oid": "66244c4ab816009215e647bc"
  },
  "holidays": [
    {
      "name": "New Year's Day",
      "month": "January",
      "day": 1
    },
    {
      "name": "Martin Luther King Jr. Day",
      "month": "January",
      "day": 15
    },
    {
      "name": "Presidents' Day",
      "month": "February",
      "day": 19
    },
    {
      "name": "Memorial Day",
      "month": "May",
      "day": 27
    },
    {
      "name": "Independence Day",
      "month": "July",
      "day": 4
    },
    {
      "name": "Labor Day",
      "month": "September",
      "day": 2
    },
    {
      "name": "Columbus Day",
      "month": "October",
      "day": 14
    },
    {
      "name": "Veterans Day",
      "month": "November",
      "day": 11
    },
    {
      "name": "Thanksgiving Day",
      "month": "November",
      "day": 28
    },
    {
      "name": "Christmas Day",
      "month": "December",
      "day": 25
    }
  ]
}]